Shoe Name,Price,Discount
Synthetic Leather |Lightweight|Comfort|Summer|Trendy|Wa...,₹239,88% off
Mens Comfortable Trending And Stylish Multicolor Embozi...,₹198,80% off
Mesh |Lightweight|Comfort|Summer|Trendy|Walking|Outdoor...,₹298,70% off
ACMARPM Canvas Shoes For Men,₹210,57% off
Flip Flops,₹699,53% off
Slides,₹279,72% off
Sneakers Walking Shoes For Men,₹119,88% off
Action Athleo ATG-424 Lighweight & Comfortable Casuals ...,₹599,68% off
Flip Flops,₹699,53% off
Affordable Collection of Stylish Sports Shoes For Men R...,₹197,80% off
Men White Sandal,₹198,71% off
Flip Flops,₹699,53% off
Modern Trendy Sneakers Shoes Sneakers For Men,₹249,80% off
Mens Comfortable Trending Latest Premium Slippers (Pack...,₹198,80% off
MIKE (N) Running Shoes For Men,"₹1,249",26% off
Sneakers For Men,₹299,85% off
Modern Trendy Sneakers boot Sneakers Sneakers For Men,₹299,76% off
Flip Flops,₹699,53% off
HURRICANE Running Shoes For Men,₹999,28% off
Trending Stylish Casual Outdoor Sneakers Shoes For Men ...,₹299,70% off
"Men Olive, Green Clogs Sandal",₹495,50% off
Flip Flops,₹699,53% off
High Tops For Men,₹299,70% off
Synthetic Leather For Men,₹399,80% off
"SNP Shoe Polish White 75 ml (Pack of 2) Leather, Synthe...",₹169,3% off
Casuals For Men,₹608,58% off
Men Off White Clogs Sandal,₹499,50% off
Sneakers For Men,₹289,71% off
Men Blue Flats Sandal,₹184,79% off
"Sports, Running & Comfortable Gym shoes for Men's Walki...",₹445,70% off
Premium Sports Shoes for Men Walking Shoes For Men,₹249,75% off
Sneakers For Men,₹229,77% off
Men Black Sandal,₹239,81% off
Men's Premium Quality Daily Light weight Comfortable (p...,₹198,80% off
Mens Comfortable Trending Latest Premium (Pack Of 2) Sl...,₹198,80% off
Sneakers For Men,₹299,70% off
"Graphene 2-Black Shoes Polish, 1- Shoes Brush (Pack of ...",₹199,44% off
Flip Flops,₹183,63% off
VELOCITY Running Shoes For Men,₹836,72% off
Ezey Canvas Shoe Polish -White (120gm) Set of 2 Pcs Can...,₹190,4% off
